{
  "mean": [
    0.020029231028631328,
    0.053286465890705584,
    0.14582926078140734
  ],
  "std": [
    0.11839535327605916,
    0.16704260186966197,
    0.2062224118593777
  ]
}